<?xml version="1.0" encoding="UTF-8"?>
<project-private xmlns="http://www.netbeans.org/ns/project-private/1">
    <editor-bookmarks xmlns="http://www.netbeans.org/ns/editor-bookmarks/2" lastBookmarkId="0"/>
    <open-files xmlns="http://www.netbeans.org/ns/projectui-open-files/2">
        <group>
            <file>file:/C:/Users/hp/OneDrive/Escritorio/UVG/QUINTO%20SEMESTRE/MICROS/carrito-16f887.X/main.c</file>
            <file>file:/C:/Users/hp/OneDrive/Escritorio/UVG/QUINTO%20SEMESTRE/MICROS/carrito-16f887.X/led.c</file>
            <file>file:/C:/Users/hp/OneDrive/Escritorio/UVG/QUINTO%20SEMESTRE/MICROS/carrito-16f887.X/l298.c</file>
            <file>file:/C:/Users/hp/OneDrive/Escritorio/UVG/QUINTO%20SEMESTRE/MICROS/carrito-16f887.X/timer.c</file>
            <file>file:/C:/Users/hp/OneDrive/Escritorio/UVG/QUINTO%20SEMESTRE/MICROS/carrito-16f887.X/led.h</file>
        </group>
    </open-files>
</project-private>
